date,imgpath
2024-03-22,img/183_ki_0.jpg
2024-03-20,img/183_ki_1.jpg
2024-03-17,img/183_ki_4.jpg
2024-03-16,img/183_ki_5.jpg
2024-03-12,img/183_ki_6.jpg
2024-03-10,img/183_ki_7.jpg
2024-03-09,img/183_ki_8.jpg
2024-03-07,img/183_ki_9.jpg
2024-03-05,img/183_ki_11.jpg
2024-03-02,img/183_ki_12.jpg
2024-03-01,img/183_ki_13.jpg
2024-02-29,img/183_ki_14.jpg
2024-02-27,img/183_ki_16.jpg
2024-02-25,img/183_ki_17.jpg
2024-02-24,img/183_ki_18.jpg
2024-02-21,img/183_ki_20.jpg
2024-02-20,img/183_ki_21.jpg
2024-02-19,img/183_ki_22.jpg
2024-02-15,img/183_ki_24.jpg
2024-02-13,img/183_ki_25.jpg
2024-02-08,img/183_ki_26.jpg
2024-02-07,img/183_ki_27.jpg
2024-02-06,img/183_ki_28.jpg
2024-02-04,img/183_ki_29.jpg
2024-02-03,img/183_ki_30.jpg
2024-02-02,img/183_ki_31.jpg
2024-01-30,img/183_ki_32.jpg
2024-01-29,img/183_ki_33.jpg
2024-01-28,img/183_ki_34.jpg
2024-01-24,img/183_ki_35.jpg
2024-01-17,img/183_ki_37.jpg
2024-01-10,img/183_ki_39.jpg
2024-01-06,img/183_ki_40.jpg
2024-01-05,img/183_ki_41.jpg
2024-01-03,img/183_ki_42.jpg
2024-01-01,img/183_ki_43.jpg
2023-12-29,img/183_ki_44.jpg
2023-12-22,img/183_ki_46.jpg
2023-12-21,img/183_ki_47.jpg
2023-12-20,img/183_ki_48.jpg
2023-12-18,img/183_ki_49.jpg
2023-12-13,img/183_ki_50.jpg
2023-12-12,img/183_ki_51.jpg
2023-12-08,img/183_ki_52.jpg
2023-12-07,img/183_ki_53.jpg
2023-12-04,img/183_ki_54.jpg
2023-12-03,img/183_ki_55.jpg
2023-11-27,img/183_ki_56.jpg
2023-11-24,img/183_ki_58.jpg
2023-11-23,img/183_ki_59.jpg
2023-11-21,img/183_ki_60.jpg
2023-11-17,img/183_ki_61.jpg
2023-11-16,img/183_ki_63.jpg
2023-11-15,img/183_ki_64.jpg
2023-11-14,img/183_ki_65.jpg
2023-11-13,img/183_ki_66.jpg
2023-11-12,img/183_ki_67.jpg
2023-11-11,img/183_ki_68.jpg
2023-11-10,img/183_ki_69.jpg
2023-11-09,img/183_ki_70.jpg
2023-11-08,img/183_ki_71.jpg
2023-11-07,img/183_ki_72.jpg
2023-11-05,img/183_ki_73.jpg
2023-11-03,img/183_ki_74.jpg
2023-11-01,img/183_ki_76.jpg
2023-10-30,img/183_ki_77.jpg
2023-10-27,img/183_ki_78.jpg
2023-10-24,img/183_ki_79.jpg
2023-10-23,img/183_ki_81.jpg
2023-10-22,img/183_ki_82.jpg
2023-10-21,img/183_ki_83.jpg
2023-10-19,img/183_ki_84.jpg
2023-10-16,img/183_ki_85.jpg
2023-10-12,img/183_ki_86.jpg
2023-10-11,img/183_ki_87.jpg
2023-10-10,img/183_ki_88.jpg
2023-10-02,img/183_ki_89.jpg
2023-09-29,img/183_ki_90.jpg
2023-09-27,img/183_ki_91.jpg
2023-09-25,img/183_ki_93.jpg
2023-09-24,img/183_ki_94.jpg
2023-09-22,img/183_ki_95.jpg
2023-09-21,img/183_ki_96.jpg
2023-09-19,img/183_ki_97.jpg
2023-09-17,img/183_ki_98.jpg
2023-09-14,img/183_ki_99.jpg
2023-09-13,img/183_ki_100.jpg
2023-09-11,img/183_ki_101.jpg
2023-09-09,img/183_ki_102.jpg
2023-09-07,img/183_ki_103.jpg
2023-09-06,img/183_ki_104.jpg
2023-09-05,img/183_ki_105.jpg
2023-09-04,img/183_ki_106.jpg
2023-08-30,img/183_ki_107.jpg
2023-08-29,img/183_ki_108.jpg
2023-08-28,img/183_ki_109.jpg
2023-08-24,img/183_ki_110.jpg
2023-08-22,img/183_ki_111.jpg
2023-08-21,img/183_ki_112.jpg
2023-08-17,img/183_ki_113.jpg
2023-08-16,img/183_ki_114.jpg
2023-08-15,img/183_ki_115.jpg
2023-08-09,img/183_ki_116.jpg
2023-08-07,img/183_ki_117.jpg
2023-08-01,img/183_ki_119.jpg
2023-07-30,img/183_ki_120.jpg
2023-07-28,img/183_ki_121.jpg
2023-07-27,img/183_ki_122.jpg
2023-07-24,img/183_ki_123.jpg
2023-07-21,img/183_ki_124.jpg
2023-07-19,img/183_ki_125.jpg
2023-07-18,img/183_ki_126.jpg
2023-07-12,img/183_ki_128.jpg
2023-07-11,img/183_ki_129.jpg
2023-07-09,img/183_ki_130.jpg
2023-07-04,img/183_ki_131.jpg
2023-07-02,img/183_ki_132.jpg
2023-06-29,img/183_ki_133.jpg
2023-06-26,img/183_ki_134.jpg
2023-06-22,img/183_ki_136.jpg
2023-06-21,img/183_ki_137.jpg
2023-06-20,img/183_ki_138.jpg
2023-06-17,img/183_ki_139.jpg
2023-06-14,img/183_ki_140.jpg
2023-06-13,img/183_ki_141.jpg
2023-06-08,img/183_ki_143.jpg
2023-06-06,img/183_ki_144.jpg
2023-06-02,img/183_ki_145.jpg
2023-05-31,img/183_ki_146.jpg
2023-05-27,img/183_ki_147.jpg
2023-05-26,img/183_ki_148.jpg
2023-05-25,img/183_ki_149.jpg
2023-05-21,img/183_ki_150.jpg
2023-05-19,img/183_ki_151.jpg
2023-05-16,img/183_ki_153.jpg
2023-05-15,img/183_ki_154.jpg
2023-05-11,img/183_ki_156.jpg
2023-05-10,img/183_ki_157.jpg
2023-05-08,img/183_ki_158.jpg
2023-05-05,img/183_ki_159.jpg
2023-05-04,img/183_ki_160.jpg
2023-05-02,img/183_ki_162.jpg
2023-04-29,img/183_ki_163.jpg
2023-04-28,img/183_ki_164.jpg
2023-04-27,img/183_ki_165.jpg
2023-04-20,img/183_ki_166.jpg
2023-04-18,img/183_ki_168.jpg
2023-04-17,img/183_ki_169.jpg
2023-04-11,img/183_ki_171.jpg
2023-04-10,img/183_ki_172.jpg
2023-04-05,img/183_ki_173.jpg
2023-04-03,img/183_ki_174.jpg
2023-03-27,img/183_ki_175.jpg
2023-03-21,img/183_ki_176.jpg
2023-03-20,img/183_ki_177.jpg
2023-03-17,img/183_ki_178.jpg
2023-03-14,img/183_ki_179.jpg
2023-03-10,img/183_ki_180.jpg
2023-03-09,img/183_ki_181.jpg
2023-03-06,img/183_ki_182.jpg
2023-03-03,img/183_ki_183.jpg
2023-03-02,img/183_ki_184.jpg
2023-02-28,img/183_ki_185.jpg
2023-02-27,img/183_ki_186.jpg
2023-02-23,img/183_ki_187.jpg
2023-02-21,img/183_ki_188.jpg
2023-02-20,img/183_ki_189.jpg
2023-02-15,img/183_ki_190.jpg
2023-02-13,img/183_ki_191.jpg
2023-02-03,img/183_ki_192.jpg
2023-02-01,img/183_ki_193.jpg
2023-01-26,img/183_ki_194.jpg
2023-01-21,img/183_ki_195.jpg
2023-01-18,img/183_ki_196.jpg
2023-01-11,img/183_ki_197.jpg
2023-01-09,img/183_ki_198.jpg
2022-12-31,img/183_ki_199.jpg
2022-12-26,img/183_ki_200.jpg
2022-12-21,img/183_ki_201.jpg
2022-12-13,img/183_ki_202.jpg
2022-12-09,img/183_ki_203.jpg
2022-12-07,img/183_ki_204.jpg
2022-12-01,img/183_ki_206.jpg
2022-11-29,img/183_ki_207.jpg
2022-11-28,img/183_ki_208.jpg
2022-11-23,img/183_ki_209.jpg
2022-11-21,img/183_ki_210.jpg
2022-11-18,img/183_ki_211.jpg
2022-11-14,img/183_ki_212.jpg
2022-11-09,img/183_ki_213.jpg
2022-11-06,img/183_ki_214.jpg
2022-10-27,img/183_ki_215.jpg
2022-10-13,img/183_ki_216.jpg
2022-10-11,img/183_ki_217.jpg
2022-09-30,img/183_ki_218.jpg
2022-09-21,img/183_ki_219.jpg
2022-09-16,img/183_ki_220.jpg
2022-09-13,img/183_ki_221.jpg
2022-09-06,img/183_ki_222.jpg
2022-09-01,img/183_ki_223.jpg
2022-08-28,img/183_ki_224.jpg
2022-08-25,img/183_ki_225.jpg
2022-08-17,img/183_ki_226.jpg
2022-08-16,img/183_ki_227.jpg
2022-08-03,img/183_ki_228.jpg
2022-07-25,img/183_ki_229.jpg
2022-07-19,img/183_ki_230.jpg
2022-07-13,img/183_ki_231.jpg
2022-07-12,img/183_ki_232.jpg
2022-07-05,img/183_ki_233.jpg
2022-06-27,img/183_ki_234.jpg
2022-06-25,img/183_ki_235.jpg
2022-06-21,img/183_ki_236.jpg
2022-06-16,img/183_ki_237.jpg
2022-06-14,img/183_ki_238.jpg
2022-06-07,img/183_ki_239.jpg
2022-06-02,img/183_ki_240.jpg
2022-05-31,img/183_ki_241.jpg
2022-05-14,img/183_ki_242.jpg
2022-05-13,img/183_ki_243.jpg
2022-05-12,img/183_ki_244.jpg
2022-05-09,img/183_ki_245.jpg
2022-05-04,img/183_ki_246.jpg
2022-04-29,img/183_ki_247.jpg
2022-04-20,img/183_ki_248.jpg
2022-04-11,img/183_ki_249.jpg
2022-04-04,img/183_ki_250.jpg
2022-04-01,img/183_ki_251.jpg
2022-03-31,img/183_ki_252.jpg
2022-03-30,img/183_ki_253.jpg
2022-03-28,img/183_ki_254.jpg
2022-03-24,img/183_ki_255.jpg
2022-03-23,img/183_ki_256.jpg
2022-03-22,img/183_ki_257.jpg
2022-03-18,img/183_ki_258.jpg
2022-03-16,img/183_ki_259.jpg
2022-03-15,img/183_ki_260.jpg
2022-03-13,img/183_ki_261.jpg
2022-03-08,img/183_ki_262.jpg
2022-03-07,img/183_ki_263.jpg
2022-03-04,img/183_ki_264.jpg
2022-03-01,img/183_ki_265.jpg
2022-02-25,img/183_ki_266.jpg
2022-02-23,img/183_ki_267.jpg
2022-02-22,img/183_ki_268.jpg
2022-02-18,img/183_ki_269.jpg
2022-02-16,img/183_ki_270.jpg
2022-02-14,img/183_ki_271.jpg
2022-02-13,img/183_ki_272.jpg
2022-02-12,img/183_ki_273.jpg
2022-02-11,img/183_ki_274.jpg
2022-02-10,img/183_ki_275.jpg
2022-02-09,img/183_ki_276.jpg
2022-02-08,img/183_ki_277.jpg
2022-02-05,img/183_ki_278.jpg
2022-02-04,img/183_ki_279.jpg
2022-02-03,img/183_ki_280.jpg
2022-01-27,img/183_ki_281.jpg
2022-01-25,img/183_ki_282.jpg
2022-01-20,img/183_ki_283.jpg
2022-01-17,img/183_ki_284.jpg
2022-01-07,img/183_ki_286.jpg
2022-01-01,img/183_ki_287.jpg
2021-12-28,img/183_ki_288.jpg
2021-12-23,img/183_ki_289.jpg
2021-12-20,img/183_ki_290.jpg
2021-12-17,img/183_ki_291.jpg
2021-12-16,img/183_ki_292.jpg
2021-12-14,img/183_ki_293.jpg
2021-12-13,img/183_ki_294.jpg
2021-12-12,img/183_ki_295.jpg
2021-12-10,img/183_ki_296.jpg
2021-12-08,img/183_ki_297.jpg
2021-12-07,img/183_ki_298.jpg
2021-11-26,img/183_ki_299.jpg
2021-11-19,img/183_ki_300.jpg
2021-11-17,img/183_ki_301.jpg
2021-11-16,img/183_ki_302.jpg
2021-11-15,img/183_ki_303.jpg
2021-11-10,img/183_ki_304.jpg
2021-11-09,img/183_ki_305.jpg
2021-11-08,img/183_ki_306.jpg
2021-11-05,img/183_ki_307.jpg
2021-11-04,img/183_ki_308.jpg
2021-11-03,img/183_ki_309.jpg
2021-11-02,img/183_ki_310.jpg
2021-11-01,img/183_ki_311.jpg
2021-10-27,img/183_ki_312.jpg
2021-10-25,img/183_ki_313.jpg
2021-10-15,img/183_ki_314.jpg
2021-10-14,img/183_ki_315.jpg
2021-10-10,img/183_ki_316.jpg
2021-10-09,img/183_ki_317.jpg
2021-10-08,img/183_ki_318.jpg
2021-10-07,img/183_ki_319.jpg
2021-10-03,img/183_ki_320.jpg
2021-09-28,img/183_ki_321.jpg
2021-09-27,img/183_ki_322.jpg
2021-09-24,img/183_ki_323.jpg
2021-09-23,img/183_ki_324.jpg
2021-09-14,img/183_ki_325.jpg
2021-09-13,img/183_ki_326.jpg
2021-09-12,img/183_ki_327.jpg
2021-09-09,img/183_ki_328.jpg
2021-09-06,img/183_ki_329.jpg
2021-09-01,img/183_ki_331.jpg
2021-08-30,img/183_ki_332.jpg
2021-08-29,img/183_ki_333.jpg
2021-08-16,img/183_ki_334.jpg
2021-08-12,img/183_ki_335.jpg
2021-08-11,img/183_ki_336.jpg
2021-08-10,img/183_ki_337.jpg
2021-08-09,img/183_ki_338.jpg
2021-08-05,img/183_ki_339.jpg
2021-07-27,img/183_ki_340.jpg
2021-07-20,img/183_ki_341.jpg
2021-07-14,img/183_ki_342.jpg
2021-07-01,img/183_ki_343.jpg
2021-06-28,img/183_ki_344.jpg
2021-06-22,img/183_ki_345.jpg
2021-06-21,img/183_ki_346.jpg
2021-06-10,img/183_ki_347.jpg
2021-06-09,img/183_ki_348.jpg
2021-06-08,img/183_ki_349.jpg
2021-06-03,img/183_ki_350.jpg
2021-05-30,img/183_ki_351.jpg
2021-05-29,img/183_ki_352.jpg
2021-05-28,img/183_ki_353.jpg
2021-05-13,img/183_ki_354.jpg
2021-05-11,img/183_ki_356.jpg
2021-05-10,img/183_ki_357.jpg
2021-05-06,img/183_ki_358.jpg
2021-05-05,img/183_ki_359.jpg
2021-05-04,img/183_ki_360.jpg
2021-04-29,img/183_ki_361.jpg
2021-04-26,img/183_ki_362.jpg
2021-04-05,img/183_ki_363.jpg
2021-04-03,img/183_ki_364.jpg
2021-04-02,img/183_ki_365.jpg
2021-03-31,img/183_ki_366.jpg
2021-03-30,img/183_ki_367.jpg
2021-03-23,img/183_ki_368.jpg
2021-03-22,img/183_ki_369.jpg
2021-03-17,img/183_ki_370.jpg
2021-03-15,img/183_ki_371.jpg
2021-03-14,img/183_ki_372.jpg
2021-03-12,img/183_ki_373.jpg
2021-03-10,img/183_ki_374.jpg
2021-03-03,img/183_ki_375.jpg
2021-02-28,img/183_ki_376.jpg
2021-02-27,img/183_ki_377.jpg
2021-02-26,img/183_ki_378.jpg
2021-02-25,img/183_ki_379.jpg
2021-02-19,img/183_ki_380.jpg
2021-02-15,img/183_ki_381.jpg
2021-02-09,img/183_ki_382.jpg
2021-02-04,img/183_ki_383.jpg
2021-02-03,img/183_ki_384.jpg
2021-02-02,img/183_ki_385.jpg
2021-02-01,img/183_ki_386.jpg
2021-01-25,img/183_ki_387.jpg
2021-01-18,img/183_ki_388.jpg
2021-01-17,img/183_ki_389.jpg
2020-12-31,img/183_ki_390.jpg
2020-12-23,img/183_ki_391.jpg
2020-11-21,img/183_ki_392.jpg
2020-11-17,img/183_ki_393.jpg
2020-11-16,img/183_ki_394.jpg
2020-11-12,img/183_ki_395.jpg
2020-11-09,img/183_ki_396.jpg
2020-11-08,img/183_ki_397.jpg
2020-11-03,img/183_ki_398.jpg
2020-09-26,img/183_ki_399.jpg
2020-09-08,img/183_ki_400.jpg
2020-09-07,img/183_ki_401.jpg
2020-09-06,img/183_ki_402.jpg
2020-09-02,img/183_ki_403.jpg
2020-08-27,img/183_ki_404.jpg
2020-08-25,img/183_ki_405.jpg
2020-08-18,img/183_ki_406.jpg
2020-08-13,img/183_ki_407.jpg
2020-08-11,img/183_ki_408.jpg
2020-08-10,img/183_ki_409.jpg
2020-08-05,img/183_ki_410.jpg
2020-08-02,img/183_ki_411.jpg
2020-07-31,img/183_ki_412.jpg
2020-07-30,img/183_ki_413.jpg
2020-07-29,img/183_ki_414.jpg
2020-07-27,img/183_ki_415.jpg
2020-07-23,img/183_ki_416.jpg
2020-07-22,img/183_ki_417.jpg
2020-07-20,img/183_ki_418.jpg
2020-07-19,img/183_ki_419.jpg
2020-07-17,img/183_ki_420.jpg
2020-07-16,img/183_ki_421.jpg
2020-07-15,img/183_ki_422.jpg
2020-07-12,img/183_ki_423.jpg
2020-07-12,img/183_ki_424.jpg
2020-07-09,img/183_ki_425.jpg
2020-07-08,img/183_ki_426.jpg
2020-07-02,img/183_ki_427.jpg
2020-07-01,img/183_ki_428.jpg
2020-06-29,img/183_ki_429.jpg
2020-06-28,img/183_ki_430.jpg
2020-06-21,img/183_ki_431.jpg
2020-06-15,img/183_ki_432.jpg
2020-06-09,img/183_ki_433.jpg
2020-06-06,img/183_ki_434.jpg
2020-06-05,img/183_ki_435.jpg
2020-06-04,img/183_ki_436.jpg
2020-06-02,img/183_ki_437.jpg
2020-06-01,img/183_ki_438.jpg
2020-05-29,img/183_ki_439.jpg
2020-05-27,img/183_ki_440.jpg
2020-05-27,img/183_ki_441.jpg
2020-05-22,img/183_ki_442.jpg
2020-05-21,img/183_ki_443.jpg
2020-05-20,img/183_ki_444.jpg
2020-05-19,img/183_ki_445.jpg
2020-05-18,img/183_ki_446.jpg
2020-05-15,img/183_ki_447.jpg
2020-05-13,img/183_ki_448.jpg
2020-05-11,img/183_ki_449.jpg
2020-05-09,img/183_ki_450.jpg
2020-05-08,img/183_ki_451.jpg
2020-05-06,img/183_ki_452.jpg
2020-05-05,img/183_ki_453.jpg
2020-05-04,img/183_ki_454.jpg
2020-05-03,img/183_ki_455.jpg
2020-05-01,img/183_ki_456.jpg
2020-04-30,img/183_ki_457.jpg
2020-04-29,img/183_ki_458.jpg
2020-04-28,img/183_ki_459.jpg
2020-04-27,img/183_ki_460.jpg
2020-04-26,img/183_ki_461.jpg
2020-04-25,img/183_ki_462.jpg
2020-04-24,img/183_ki_463.jpg
2020-04-23,img/183_ki_464.jpg
2020-04-22,img/183_ki_465.jpg
2020-04-21,img/183_ki_466.jpg
2020-04-20,img/183_ki_467.jpg
2020-04-19,img/183_ki_468.jpg
2020-04-18,img/183_ki_469.jpg
2020-04-17,img/183_ki_470.jpg
2020-04-16,img/183_ki_471.jpg
2020-04-15,img/183_ki_472.jpg
2020-04-14,img/183_ki_473.jpg
2020-04-13,img/183_ki_474.jpg
2020-04-11,img/183_ki_475.jpg
2020-04-05,img/183_ki_476.jpg
2020-03-29,img/183_ki_477.jpg
2018-09-14,img/youarethefit_hj_0.jpg
2018-08-03,img/youarethefit_hj_1.jpg
2018-07-27,img/youarethefit_hj_2.jpg
2018-07-26,img/youarethefit_hj_3.jpg
2018-07-19,img/youarethefit_hj_4.jpg
2018-07-03,img/youarethefit_hj_5.jpg
2018-06-29,img/youarethefit_hj_6.jpg
2017-07-10,img/youarethefit_hj_7.jpg
2017-07-07,img/youarethefit_hj_8.jpg
2017-07-06,img/youarethefit_hj_9.jpg
2017-06-11,img/youarethefit_hj_10.jpg
2017-06-09,img/youarethefit_hj_11.jpg
2017-06-05,img/youarethefit_hj_12.jpg
2017-05-30,img/youarethefit_hj_13.jpg
2017-05-29,img/youarethefit_hj_14.jpg
2017-05-26,img/youarethefit_hj_15.jpg
2017-05-26,img/youarethefit_hj_16.jpg
2017-05-25,img/youarethefit_hj_17.jpg
2017-05-24,img/youarethefit_hj_18.jpg
2017-05-23,img/youarethefit_hj_19.jpg
2017-05-22,img/youarethefit_hj_20.jpg
2017-05-19,img/youarethefit_hj_21.jpg
2017-05-17,img/youarethefit_hj_22.jpg
2017-05-16,img/youarethefit_hj_23.jpg
2017-05-15,img/youarethefit_hj_24.jpg
2017-05-12,img/youarethefit_hj_25.jpg
2017-05-11,img/youarethefit_hj_26.jpg
2017-05-10,img/youarethefit_hj_27.jpg
2017-05-09,img/youarethefit_hj_28.jpg
2017-05-05,img/youarethefit_hj_29.jpg
2017-05-04,img/youarethefit_hj_30.jpg
2017-05-03,img/youarethefit_hj_31.jpg
2017-05-02,img/youarethefit_hj_32.jpg
2017-05-01,img/youarethefit_hj_33.jpg
2017-04-28,img/youarethefit_hj_34.jpg
2017-04-27,img/youarethefit_hj_35.jpg
2017-04-26,img/youarethefit_hj_36.jpg
2017-04-25,img/youarethefit_hj_37.jpg
2017-04-24,img/youarethefit_hj_38.jpg
2017-04-22,img/youarethefit_hj_39.jpg
2017-04-20,img/youarethefit_hj_40.jpg
2017-04-19,img/youarethefit_hj_41.jpg
2017-04-18,img/youarethefit_hj_42.jpg
2017-04-17,img/youarethefit_hj_43.jpg
2017-04-15,img/youarethefit_hj_44.jpg
2017-04-14,img/youarethefit_hj_45.jpg
2017-04-13,img/youarethefit_hj_46.jpg
2017-04-13,img/youarethefit_hj_47.jpg
2017-04-12,img/youarethefit_hj_48.jpg
2017-04-11,img/youarethefit_hj_49.jpg
2017-04-10,img/youarethefit_hj_50.jpg
2017-04-07,img/youarethefit_hj_51.jpg
2017-04-06,img/youarethefit_hj_52.jpg
2017-04-06,img/youarethefit_hj_53.jpg
2017-04-05,img/youarethefit_hj_54.jpg
2017-04-05,img/youarethefit_hj_55.jpg
2017-04-04,img/youarethefit_hj_56.jpg
2017-04-03,img/youarethefit_hj_57.jpg
2016-12-12,img/youarethefit_hj_58.jpg
2016-12-09,img/youarethefit_hj_59.jpg
2016-12-08,img/youarethefit_hj_60.jpg
2016-12-08,img/youarethefit_hj_61.jpg
2016-12-07,img/youarethefit_hj_62.jpg
2016-12-06,img/youarethefit_hj_63.jpg
2016-12-05,img/youarethefit_hj_64.jpg
2016-12-02,img/youarethefit_hj_65.jpg
2016-11-30,img/youarethefit_hj_66.jpg
2016-11-30,img/youarethefit_hj_67.jpg
2016-11-29,img/youarethefit_hj_68.jpg
2016-11-28,img/youarethefit_hj_69.jpg
2016-11-28,img/youarethefit_hj_70.jpg
2016-11-28,img/youarethefit_hj_71.jpg
2016-11-27,img/youarethefit_hj_72.jpg
2016-11-25,img/youarethefit_hj_73.jpg
2016-11-25,img/youarethefit_hj_74.jpg
2016-11-25,img/youarethefit_hj_75.jpg
2016-11-24,img/youarethefit_hj_76.jpg
2016-11-23,img/youarethefit_hj_77.jpg
2016-11-22,img/youarethefit_hj_78.jpg
2016-11-22,img/youarethefit_hj_79.jpg
2016-11-22,img/youarethefit_hj_80.jpg
2016-11-21,img/youarethefit_hj_81.jpg
2016-11-21,img/youarethefit_hj_82.jpg
2016-11-21,img/youarethefit_hj_83.jpg
2016-11-20,img/youarethefit_hj_84.jpg
2016-11-19,img/youarethefit_hj_85.jpg
2016-11-18,img/youarethefit_hj_86.jpg
2016-11-18,img/youarethefit_hj_87.jpg
2016-05-23,img/youarethefit_hj_88.jpg
2016-05-17,img/youarethefit_hj_89.jpg
2016-05-02,img/youarethefit_hj_90.jpg
2016-04-29,img/youarethefit_hj_91.jpg
2016-04-28,img/youarethefit_hj_92.jpg
2016-04-26,img/youarethefit_hj_93.jpg
2016-04-25,img/youarethefit_hj_94.jpg
2016-04-25,img/youarethefit_hj_95.jpg
2015-12-30,img/youarethefit_hj_96.jpg
2015-12-24,img/youarethefit_hj_97.jpg
2015-12-23,img/youarethefit_hj_98.jpg
2015-12-22,img/youarethefit_hj_99.jpg
2015-12-21,img/youarethefit_hj_100.jpg
2015-12-17,img/youarethefit_hj_101.jpg
2015-12-17,img/youarethefit_hj_102.jpg
2015-12-16,img/youarethefit_hj_103.jpg
2015-12-16,img/youarethefit_hj_104.jpg
2015-11-23,img/youarethefit_hj_105.jpg
2015-11-20,img/youarethefit_hj_106.jpg
2015-11-20,img/youarethefit_hj_107.jpg
2015-11-19,img/youarethefit_hj_108.jpg
2015-11-19,img/youarethefit_hj_109.jpg
2015-11-18,img/youarethefit_hj_110.jpg
2015-11-18,img/youarethefit_hj_111.jpg
2015-11-17,img/youarethefit_hj_112.jpg
2015-11-17,img/youarethefit_hj_113.jpg
2015-11-17,img/youarethefit_hj_114.jpg
2015-11-16,img/youarethefit_hj_115.jpg
2015-11-16,img/youarethefit_hj_116.jpg
2015-11-16,img/youarethefit_hj_117.jpg
2015-11-15,img/youarethefit_hj_118.jpg
2015-11-14,img/youarethefit_hj_119.jpg
2015-11-09,img/youarethefit_hj_120.jpg
2015-11-07,img/youarethefit_hj_121.jpg
2015-10-28,img/youarethefit_hj_122.jpg
2015-10-26,img/youarethefit_hj_123.jpg
2015-10-25,img/youarethefit_hj_124.jpg
2023-09-27,img/dailylooked_0.jpg
2023-04-25,img/dailylooked_1.jpg
2023-04-15,img/dailylooked_2.jpg
2023-04-12,img/dailylooked_3.jpg
2023-04-11,img/dailylooked_4.jpg
2023-04-10,img/dailylooked_5.jpg
2023-04-09,img/dailylooked_6.jpg
2023-04-08,img/dailylooked_7.jpg
2023-04-07,img/dailylooked_8.jpg
2023-04-06,img/dailylooked_9.jpg
2023-04-05,img/dailylooked_10.jpg
2023-04-04,img/dailylooked_11.jpg
2023-04-03,img/dailylooked_12.jpg
2023-04-01,img/dailylooked_13.jpg
2023-03-30,img/dailylooked_14.jpg
2023-03-29,img/dailylooked_15.jpg
2023-03-28,img/dailylooked_16.jpg
2023-03-27,img/dailylooked_17.jpg
2023-03-25,img/dailylooked_18.jpg
2023-03-24,img/dailylooked_19.jpg
2023-03-21,img/dailylooked_20.jpg
2023-03-20,img/dailylooked_21.jpg
2023-03-16,img/dailylooked_22.jpg
2023-03-15,img/dailylooked_23.jpg
2023-03-14,img/dailylooked_24.jpg
2023-03-12,img/dailylooked_25.jpg
2023-03-10,img/dailylooked_26.jpg
2023-03-07,img/dailylooked_27.jpg
2023-03-06,img/dailylooked_28.jpg
2023-03-05,img/dailylooked_29.jpg
2023-03-03,img/dailylooked_30.jpg
2023-03-02,img/dailylooked_31.jpg
2023-02-28,img/dailylooked_32.jpg
2023-02-27,img/dailylooked_33.jpg
2023-02-26,img/dailylooked_34.jpg
2023-02-21,img/dailylooked_35.jpg
2023-02-12,img/dailylooked_36.jpg
2023-02-03,img/dailylooked_37.jpg
2023-02-02,img/dailylooked_38.jpg
2023-01-30,img/dailylooked_39.jpg
2023-01-07,img/dailylooked_40.jpg
2023-01-06,img/dailylooked_41.jpg
2023-01-05,img/dailylooked_42.jpg
2023-01-02,img/dailylooked_43.jpg
2022-12-22,img/dailylooked_44.jpg
2022-12-02,img/dailylooked_45.jpg
2022-11-27,img/dailylooked_46.jpg
2022-11-24,img/dailylooked_47.jpg
2022-11-23,img/dailylooked_48.jpg
2022-11-22,img/dailylooked_49.jpg
2022-11-21,img/dailylooked_50.jpg
2022-11-20,img/dailylooked_51.jpg
2022-11-19,img/dailylooked_52.jpg
2022-11-18,img/dailylooked_53.jpg
2022-11-17,img/dailylooked_54.jpg
2022-11-16,img/dailylooked_55.jpg
2022-11-15,img/dailylooked_56.jpg
2022-11-14,img/dailylooked_57.jpg
2022-11-13,img/dailylooked_58.jpg
2022-11-04,img/dailylooked_59.jpg
2022-11-02,img/dailylooked_60.jpg
2022-11-01,img/dailylooked_61.jpg
2022-10-31,img/dailylooked_62.jpg
2022-10-30,img/dailylooked_63.jpg
2022-10-30,img/dailylooked_64.jpg
2022-10-29,img/dailylooked_65.jpg
2022-10-27,img/dailylooked_66.jpg
2022-10-19,img/dailylooked_67.jpg
2022-10-18,img/dailylooked_68.jpg
2022-10-17,img/dailylooked_69.jpg
2022-10-13,img/dailylooked_70.jpg
2022-10-13,img/dailylooked_71.jpg
2022-09-27,img/dailylooked_72.jpg
2022-08-05,img/dailylooked_73.jpg
2022-07-21,img/dailylooked_74.jpg
2022-07-05,img/dailylooked_75.jpg
2022-06-30,img/dailylooked_76.jpg
2022-06-28,img/dailylooked_77.jpg
2022-06-23,img/dailylooked_78.jpg
2022-06-23,img/dailylooked_79.jpg
2022-06-11,img/dailylooked_80.jpg
2022-06-10,img/dailylooked_81.jpg
2022-06-09,img/dailylooked_82.jpg
2022-06-08,img/dailylooked_83.jpg
2022-06-07,img/dailylooked_84.jpg
2022-06-04,img/dailylooked_85.jpg
2022-06-02,img/dailylooked_86.jpg
2022-05-31,img/dailylooked_87.jpg
2022-05-24,img/dailylooked_88.jpg
2022-05-22,img/dailylooked_89.jpg
2022-05-12,img/dailylooked_90.jpg
2022-05-11,img/dailylooked_91.jpg
2022-05-10,img/dailylooked_92.jpg
2022-05-08,img/dailylooked_93.jpg
2022-05-06,img/dailylooked_94.jpg
2022-05-03,img/dailylooked_95.jpg
2022-05-02,img/dailylooked_96.jpg
2022-05-01,img/dailylooked_97.jpg
2022-04-29,img/dailylooked_98.jpg
2022-04-28,img/dailylooked_99.jpg
2022-04-28,img/dailylooked_100.jpg
2022-04-25,img/dailylooked_101.jpg
2022-04-24,img/dailylooked_102.jpg
2022-04-23,img/dailylooked_103.jpg
2022-04-21,img/dailylooked_104.jpg
2022-04-20,img/dailylooked_105.jpg
2022-04-19,img/dailylooked_106.jpg
2022-04-18,img/dailylooked_107.jpg
2022-04-18,img/dailylooked_108.jpg
2022-04-17,img/dailylooked_109.jpg
2022-04-16,img/dailylooked_110.jpg
2022-04-15,img/dailylooked_111.jpg
2022-04-14,img/dailylooked_112.jpg
2022-04-14,img/dailylooked_113.jpg
2022-04-13,img/dailylooked_114.jpg
2022-04-12,img/dailylooked_115.jpg
2022-04-11,img/dailylooked_116.jpg
2022-04-11,img/dailylooked_117.jpg
2022-04-10,img/dailylooked_118.jpg
2022-04-07,img/dailylooked_119.jpg
2022-03-25,img/dailylooked_120.jpg
2022-03-24,img/dailylooked_121.jpg
2022-03-23,img/dailylooked_122.jpg
2022-03-22,img/dailylooked_123.jpg
2022-03-21,img/dailylooked_124.jpg
2022-03-18,img/dailylooked_125.jpg
2022-03-17,img/dailylooked_126.jpg
2022-03-16,img/dailylooked_127.jpg
2022-03-15,img/dailylooked_128.jpg
2022-03-14,img/dailylooked_129.jpg
2022-03-11,img/dailylooked_130.jpg
2022-03-05,img/dailylooked_131.jpg
2022-03-03,img/dailylooked_132.jpg
2022-03-02,img/dailylooked_133.jpg
2022-02-26,img/dailylooked_134.jpg
2022-02-22,img/dailylooked_135.jpg
2022-02-21,img/dailylooked_136.jpg
2022-02-18,img/dailylooked_137.jpg
2022-02-17,img/dailylooked_138.jpg
2022-02-17,img/dailylooked_139.jpg
2022-02-16,img/dailylooked_140.jpg
2022-02-09,img/dailylooked_141.jpg
2022-02-05,img/dailylooked_143.jpg
2022-02-03,img/dailylooked_144.jpg
2022-01-31,img/dailylooked_145.jpg
2022-01-30,img/dailylooked_146.jpg
2022-01-27,img/dailylooked_147.jpg
2022-01-26,img/dailylooked_148.jpg
2022-01-24,img/dailylooked_149.jpg
2022-01-22,img/dailylooked_150.jpg
2022-01-21,img/dailylooked_151.jpg
2022-01-20,img/dailylooked_152.jpg
2022-01-19,img/dailylooked_153.jpg
2022-01-17,img/dailylooked_154.jpg
2022-01-14,img/dailylooked_155.jpg
2022-01-14,img/dailylooked_156.jpg
2022-01-13,img/dailylooked_157.jpg
2022-01-12,img/dailylooked_158.jpg
2022-01-11,img/dailylooked_159.jpg
2022-01-10,img/dailylooked_160.jpg
2022-01-09,img/dailylooked_161.jpg
2022-01-06,img/dailylooked_162.jpg
2022-01-05,img/dailylooked_163.jpg
2022-01-04,img/dailylooked_164.jpg
2022-01-02,img/dailylooked_165.jpg
2022-01-01,img/dailylooked_166.jpg
2021-12-31,img/dailylooked_167.jpg
2021-12-30,img/dailylooked_168.jpg
2021-12-22,img/dailylooked_169.jpg
2021-12-19,img/dailylooked_170.jpg
2021-12-17,img/dailylooked_171.jpg
2021-12-12,img/dailylooked_172.jpg
2021-11-17,img/dailylooked_173.jpg
2021-11-12,img/dailylooked_174.jpg
2021-11-11,img/dailylooked_175.jpg
2021-11-09,img/dailylooked_176.jpg
2021-11-08,img/dailylooked_177.jpg
2021-11-03,img/dailylooked_178.jpg
2021-10-31,img/dailylooked_179.jpg
2021-10-26,img/dailylooked_180.jpg
2021-10-26,img/dailylooked_181.jpg
2021-10-25,img/dailylooked_182.jpg
2021-10-24,img/dailylooked_183.jpg
2021-10-23,img/dailylooked_184.jpg
2021-10-22,img/dailylooked_185.jpg
2021-10-20,img/dailylooked_186.jpg
2021-10-19,img/dailylooked_187.jpg
2021-10-18,img/dailylooked_188.jpg
2021-10-15,img/dailylooked_189.jpg
2021-10-15,img/dailylooked_190.jpg
2021-10-14,img/dailylooked_191.jpg
2021-10-14,img/dailylooked_192.jpg
2021-10-13,img/dailylooked_193.jpg
2021-10-13,img/dailylooked_194.jpg
2021-10-12,img/dailylooked_195.jpg
2021-10-12,img/dailylooked_196.jpg
2021-10-11,img/dailylooked_197.jpg
2021-10-11,img/dailylooked_198.jpg
2021-10-10,img/dailylooked_199.jpg
2021-10-09,img/dailylooked_200.jpg
2021-10-08,img/dailylooked_201.jpg
2021-10-07,img/dailylooked_202.jpg
2021-10-06,img/dailylooked_203.jpg
2021-10-05,img/dailylooked_204.jpg
2021-10-03,img/dailylooked_205.jpg
2021-10-02,img/dailylooked_206.jpg
2021-10-01,img/dailylooked_207.jpg
2021-09-30,img/dailylooked_208.jpg
2021-09-29,img/dailylooked_209.jpg
2021-09-28,img/dailylooked_210.jpg
2021-09-27,img/dailylooked_211.jpg
2021-09-24,img/dailylooked_212.jpg
2021-09-23,img/dailylooked_213.jpg
2021-09-22,img/dailylooked_214.jpg
2021-09-21,img/dailylooked_215.jpg
2021-09-20,img/dailylooked_216.jpg
2021-09-18,img/dailylooked_217.jpg
2021-09-17,img/dailylooked_218.jpg
2021-09-15,img/dailylooked_219.jpg
2021-09-14,img/dailylooked_220.jpg
2021-09-13,img/dailylooked_221.jpg
2021-09-12,img/dailylooked_222.jpg
2021-09-11,img/dailylooked_223.jpg
2021-09-10,img/dailylooked_224.jpg
2021-09-10,img/dailylooked_225.jpg
2021-09-09,img/dailylooked_226.jpg
2021-09-08,img/dailylooked_227.jpg
2021-09-08,img/dailylooked_228.jpg
2021-09-07,img/dailylooked_229.jpg
2021-09-06,img/dailylooked_230.jpg
2021-09-06,img/dailylooked_231.jpg
2021-09-05,img/dailylooked_232.jpg
2021-09-05,img/dailylooked_233.jpg
2021-09-05,img/dailylooked_234.jpg
2021-09-04,img/dailylooked_235.jpg
2021-09-03,img/dailylooked_236.jpg
2021-09-03,img/dailylooked_237.jpg
2021-09-02,img/dailylooked_238.jpg
2021-09-02,img/dailylooked_239.jpg
2021-09-01,img/dailylooked_240.jpg
2021-09-01,img/dailylooked_241.jpg
2021-08-31,img/dailylooked_242.jpg
2021-08-31,img/dailylooked_243.jpg
2021-08-30,img/dailylooked_244.jpg
2021-08-30,img/dailylooked_245.jpg
2021-08-29,img/dailylooked_246.jpg
2021-08-29,img/dailylooked_247.jpg
2021-08-28,img/dailylooked_248.jpg
2021-08-27,img/dailylooked_249.jpg
2021-08-27,img/dailylooked_250.jpg
2021-08-26,img/dailylooked_251.jpg
2021-08-25,img/dailylooked_252.jpg
2021-08-25,img/dailylooked_253.jpg
2021-08-24,img/dailylooked_254.jpg
2021-08-24,img/dailylooked_255.jpg
2021-08-23,img/dailylooked_256.jpg
2021-08-23,img/dailylooked_257.jpg
2021-08-22,img/dailylooked_258.jpg
2021-08-22,img/dailylooked_259.jpg
2021-08-21,img/dailylooked_260.jpg
2021-08-20,img/dailylooked_261.jpg
2021-08-19,img/dailylooked_262.jpg
2021-08-19,img/dailylooked_263.jpg
2021-08-18,img/dailylooked_264.jpg
2021-08-18,img/dailylooked_265.jpg
2021-08-17,img/dailylooked_266.jpg
2021-08-17,img/dailylooked_267.jpg
2021-08-16,img/dailylooked_268.jpg
2021-08-15,img/dailylooked_269.jpg
2021-08-15,img/dailylooked_270.jpg
2021-08-14,img/dailylooked_271.jpg
2021-08-13,img/dailylooked_272.jpg
2021-08-13,img/dailylooked_273.jpg
2021-08-12,img/dailylooked_274.jpg
2021-08-11,img/dailylooked_275.jpg
2021-08-10,img/dailylooked_276.jpg
2021-08-10,img/dailylooked_277.jpg
2021-08-08,img/dailylooked_278.jpg
2021-08-08,img/dailylooked_279.jpg
2021-08-07,img/dailylooked_280.jpg
2021-08-06,img/dailylooked_281.jpg
2021-08-05,img/dailylooked_282.jpg
2021-08-05,img/dailylooked_283.jpg
2021-08-04,img/dailylooked_284.jpg
2021-08-04,img/dailylooked_285.jpg
2021-08-03,img/dailylooked_286.jpg
2021-08-03,img/dailylooked_287.jpg
2021-07-30,img/dailylooked_288.jpg
2021-07-30,img/dailylooked_289.jpg
2021-07-29,img/dailylooked_290.jpg
2021-07-29,img/dailylooked_291.jpg
2021-07-28,img/dailylooked_292.jpg
2021-07-28,img/dailylooked_293.jpg
2021-07-27,img/dailylooked_294.jpg
2021-07-27,img/dailylooked_295.jpg
2021-07-26,img/dailylooked_296.jpg
2021-07-26,img/dailylooked_297.jpg
2021-07-25,img/dailylooked_298.jpg
2021-07-25,img/dailylooked_299.jpg
2021-07-24,img/dailylooked_300.jpg
2021-07-24,img/dailylooked_301.jpg
2021-07-23,img/dailylooked_302.jpg
2021-07-23,img/dailylooked_303.jpg
2021-07-22,img/dailylooked_304.jpg
2021-07-22,img/dailylooked_305.jpg
2021-07-21,img/dailylooked_306.jpg
2021-07-20,img/dailylooked_307.jpg
2021-07-20,img/dailylooked_308.jpg
2021-07-19,img/dailylooked_309.jpg
2021-07-19,img/dailylooked_310.jpg
2021-07-18,img/dailylooked_311.jpg
2021-07-18,img/dailylooked_312.jpg
2021-07-17,img/dailylooked_313.jpg
2021-07-17,img/dailylooked_314.jpg
2021-07-15,img/dailylooked_315.jpg
2021-07-15,img/dailylooked_316.jpg
2021-07-14,img/dailylooked_317.jpg
2021-07-13,img/dailylooked_318.jpg
2021-07-13,img/dailylooked_319.jpg
2021-07-12,img/dailylooked_320.jpg
2021-07-11,img/dailylooked_321.jpg
2021-07-10,img/dailylooked_322.jpg
2021-07-09,img/dailylooked_323.jpg
2021-07-08,img/dailylooked_324.jpg
2021-07-08,img/dailylooked_325.jpg
2021-07-07,img/dailylooked_326.jpg
2021-07-07,img/dailylooked_327.jpg
2021-07-06,img/dailylooked_328.jpg
2021-07-05,img/dailylooked_329.jpg
2021-07-04,img/dailylooked_330.jpg
2021-07-04,img/dailylooked_331.jpg
2021-07-02,img/dailylooked_332.jpg
2021-07-01,img/dailylooked_333.jpg
2021-06-30,img/dailylooked_334.jpg
2021-06-29,img/dailylooked_335.jpg
2021-06-28,img/dailylooked_336.jpg
2021-06-27,img/dailylooked_337.jpg
2021-06-25,img/dailylooked_338.jpg
2021-06-24,img/dailylooked_339.jpg
2021-06-23,img/dailylooked_340.jpg
2021-06-23,img/dailylooked_341.jpg
2021-06-22,img/dailylooked_342.jpg
2021-06-21,img/dailylooked_343.jpg
2021-06-20,img/dailylooked_344.jpg
2021-06-19,img/dailylooked_345.jpg
2021-06-18,img/dailylooked_346.jpg
2021-06-16,img/dailylooked_347.jpg
2021-06-15,img/dailylooked_348.jpg
2021-06-14,img/dailylooked_349.jpg
2021-06-13,img/dailylooked_350.jpg
2021-06-12,img/dailylooked_351.jpg
2021-06-11,img/dailylooked_352.jpg
2021-06-10,img/dailylooked_353.jpg
2021-06-09,img/dailylooked_354.jpg
2021-06-06,img/dailylooked_355.jpg
2021-06-05,img/dailylooked_356.jpg
2021-06-04,img/dailylooked_357.jpg
2021-06-03,img/dailylooked_358.jpg
2021-06-02,img/dailylooked_359.jpg
2021-05-31,img/dailylooked_360.jpg
2021-05-30,img/dailylooked_361.jpg
2021-05-27,img/dailylooked_362.jpg
2021-05-26,img/dailylooked_363.jpg
2021-05-25,img/dailylooked_364.jpg
2021-05-24,img/dailylooked_365.jpg
2021-05-23,img/dailylooked_366.jpg
2021-05-21,img/dailylooked_367.jpg
2021-05-20,img/dailylooked_368.jpg
2021-05-19,img/dailylooked_369.jpg
2021-05-18,img/dailylooked_370.jpg
2021-05-17,img/dailylooked_371.jpg
2021-05-16,img/dailylooked_372.jpg
2021-05-15,img/dailylooked_373.jpg
2021-05-14,img/dailylooked_374.jpg
2021-05-13,img/dailylooked_375.jpg
2021-05-12,img/dailylooked_376.jpg
2021-05-11,img/dailylooked_377.jpg
2021-05-10,img/dailylooked_378.jpg
2021-05-09,img/dailylooked_379.jpg
2021-05-08,img/dailylooked_380.jpg
2021-05-07,img/dailylooked_381.jpg
2021-05-06,img/dailylooked_382.jpg
2021-05-05,img/dailylooked_383.jpg
2021-05-04,img/dailylooked_384.jpg
2021-05-03,img/dailylooked_385.jpg
2021-05-02,img/dailylooked_386.jpg
2021-05-01,img/dailylooked_387.jpg
2021-04-29,img/dailylooked_388.jpg
2021-04-28,img/dailylooked_389.jpg
2021-04-27,img/dailylooked_390.jpg
2021-04-26,img/dailylooked_391.jpg
2021-04-25,img/dailylooked_392.jpg
2021-04-24,img/dailylooked_393.jpg
2021-04-23,img/dailylooked_394.jpg
2021-04-22,img/dailylooked_395.jpg
2021-04-21,img/dailylooked_396.jpg
2021-04-20,img/dailylooked_397.jpg
2021-04-19,img/dailylooked_398.jpg
2021-04-18,img/dailylooked_399.jpg
2021-04-17,img/dailylooked_400.jpg
2021-04-16,img/dailylooked_401.jpg
2021-04-15,img/dailylooked_402.jpg
2021-04-12,img/dailylooked_403.jpg
2021-04-11,img/dailylooked_404.jpg
2021-04-10,img/dailylooked_405.jpg
2021-04-09,img/dailylooked_406.jpg
2021-04-08,img/dailylooked_407.jpg
2021-04-07,img/dailylooked_408.jpg
2021-04-06,img/dailylooked_409.jpg
2021-04-05,img/dailylooked_410.jpg
2021-04-04,img/dailylooked_411.jpg
2021-04-03,img/dailylooked_412.jpg
2021-04-02,img/dailylooked_413.jpg
2021-03-28,img/dailylooked_414.jpg
2021-03-22,img/dailylooked_415.jpg
2021-03-20,img/dailylooked_416.jpg
2021-03-17,img/dailylooked_417.jpg
2021-03-16,img/dailylooked_418.jpg
2021-03-10,img/dailylooked_419.jpg
2021-03-09,img/dailylooked_420.jpg
2021-03-08,img/dailylooked_421.jpg
2021-03-07,img/dailylooked_422.jpg
2021-03-06,img/dailylooked_423.jpg
2021-03-04,img/dailylooked_424.jpg
2021-03-02,img/dailylooked_425.jpg
2021-02-28,img/dailylooked_426.jpg
2021-02-27,img/dailylooked_427.jpg
2021-02-24,img/dailylooked_428.jpg
2021-02-23,img/dailylooked_429.jpg
2021-02-22,img/dailylooked_430.jpg
2021-01-09,img/dailylooked_431.jpg
2021-01-08,img/dailylooked_432.jpg
2021-01-06,img/dailylooked_433.jpg
2021-01-05,img/dailylooked_434.jpg
2021-01-01,img/dailylooked_435.jpg
2020-12-29,img/dailylooked_436.jpg
2020-12-27,img/dailylooked_437.jpg
2020-12-24,img/dailylooked_438.jpg
2020-11-14,img/dailylooked_439.jpg
2020-11-01,img/dailylooked_440.jpg
2020-10-31,img/dailylooked_441.jpg
2020-10-26,img/dailylooked_442.jpg
2020-10-24,img/dailylooked_443.jpg
2020-10-21,img/dailylooked_444.jpg
2020-10-18,img/dailylooked_445.jpg
2020-10-17,img/dailylooked_446.jpg
2020-10-15,img/dailylooked_447.jpg
2020-10-14,img/dailylooked_448.jpg
2020-10-13,img/dailylooked_449.jpg
2020-10-10,img/dailylooked_450.jpg
2020-10-08,img/dailylooked_451.jpg
2020-10-07,img/dailylooked_452.jpg
2020-10-05,img/dailylooked_453.jpg
2020-10-03,img/dailylooked_454.jpg
2020-10-02,img/dailylooked_455.jpg
2020-10-01,img/dailylooked_456.jpg
2020-09-30,img/dailylooked_457.jpg
2020-09-29,img/dailylooked_458.jpg
2020-09-27,img/dailylooked_459.jpg
2020-09-26,img/dailylooked_460.jpg
2020-09-26,img/dailylooked_461.jpg
2020-09-25,img/dailylooked_462.jpg
2020-09-24,img/dailylooked_463.jpg
2020-09-23,img/dailylooked_464.jpg
2020-09-22,img/dailylooked_465.jpg
2020-09-21,img/dailylooked_466.jpg
2020-09-20,img/dailylooked_467.jpg
2020-09-20,img/dailylooked_468.jpg
2020-09-18,img/dailylooked_469.jpg
2020-09-17,img/dailylooked_470.jpg
2020-09-11,img/dailylooked_471.jpg
2020-09-08,img/dailylooked_472.jpg
2020-09-03,img/dailylooked_473.jpg
2020-09-01,img/dailylooked_474.jpg
2020-08-31,img/dailylooked_475.jpg
2020-08-30,img/dailylooked_476.jpg
2020-08-24,img/dailylooked_477.jpg
2020-08-21,img/dailylooked_478.jpg
2020-08-15,img/dailylooked_479.jpg
2020-08-12,img/dailylooked_480.jpg
2020-08-09,img/dailylooked_481.jpg
2020-08-02,img/dailylooked_482.jpg
2020-08-02,img/dailylooked_483.jpg
2020-07-13,img/dailylooked_484.jpg
2020-07-06,img/dailylooked_485.jpg
2020-07-05,img/dailylooked_486.jpg
2020-07-03,img/dailylooked_487.jpg
2020-07-02,img/dailylooked_488.jpg
2020-06-29,img/dailylooked_489.jpg
2020-05-25,img/dailylooked_490.jpg
2020-05-19,img/dailylooked_491.jpg
2020-05-13,img/dailylooked_492.jpg
2020-05-10,img/dailylooked_493.jpg
2020-05-07,img/dailylooked_494.jpg
2020-05-06,img/dailylooked_495.jpg
2020-05-01,img/dailylooked_496.jpg
2020-04-29,img/dailylooked_497.jpg
2020-04-26,img/dailylooked_498.jpg
2020-04-24,img/dailylooked_499.jpg
2020-04-23,img/dailylooked_500.jpg
2020-04-22,img/dailylooked_501.jpg
2020-04-09,img/dailylooked_502.jpg
2020-03-30,img/dailylooked_503.jpg
2020-03-25,img/dailylooked_504.jpg
2020-03-23,img/dailylooked_505.jpg
2020-03-22,img/dailylooked_506.jpg
2020-03-19,img/dailylooked_507.jpg
2020-03-15,img/dailylooked_508.jpg
2020-03-13,img/dailylooked_509.jpg
2020-03-05,img/dailylooked_510.jpg
2020-02-25,img/dailylooked_511.jpg
2020-02-15,img/dailylooked_512.jpg
2020-02-10,img/dailylooked_513.jpg
2020-02-09,img/dailylooked_514.jpg
2020-02-07,img/dailylooked_515.jpg
2020-02-06,img/dailylooked_516.jpg
2020-02-04,img/dailylooked_517.jpg
2020-02-03,img/dailylooked_518.jpg
2020-02-02,img/dailylooked_519.jpg
2020-01-31,img/dailylooked_520.jpg
2020-01-30,img/dailylooked_521.jpg
2020-01-18,img/dailylooked_522.jpg
2020-01-17,img/dailylooked_523.jpg
2020-01-16,img/dailylooked_524.jpg
2020-01-15,img/dailylooked_525.jpg
2024-03-20,img/haveyun.ootd_0.jpg
2024-03-23,img/haveyun.ootd_2.jpg
2024-03-20,img/haveyun.ootd_3.jpg
2024-03-19,img/haveyun.ootd_4.jpg
2024-03-17,img/haveyun.ootd_5.jpg
2024-03-17,img/haveyun.ootd_6.jpg
2024-03-15,img/haveyun.ootd_7.jpg
2024-03-15,img/haveyun.ootd_8.jpg
2024-03-13,img/haveyun.ootd_9.jpg
2024-03-12,img/haveyun.ootd_10.jpg
2024-03-08,img/haveyun.ootd_11.jpg
2024-03-04,img/haveyun.ootd_12.jpg
2024-03-01,img/haveyun.ootd_13.jpg
2024-02-26,img/haveyun.ootd_14.jpg
2024-02-26,img/haveyun.ootd_15.jpg
2024-02-23,img/haveyun.ootd_16.jpg
2024-02-22,img/haveyun.ootd_17.jpg
2024-02-19,img/haveyun.ootd_18.jpg
2024-02-19,img/haveyun.ootd_19.jpg
2024-02-15,img/haveyun.ootd_20.jpg
2024-02-14,img/haveyun.ootd_21.jpg
2024-02-09,img/haveyun.ootd_22.jpg
2024-02-07,img/haveyun.ootd_23.jpg
2024-02-05,img/haveyun.ootd_24.jpg
2024-02-05,img/haveyun.ootd_25.jpg
2024-02-04,img/haveyun.ootd_26.jpg
2024-02-03,img/haveyun.ootd_27.jpg
2024-02-02,img/haveyun.ootd_28.jpg
2024-02-02,img/haveyun.ootd_29.jpg
2024-02-01,img/haveyun.ootd_30.jpg
2024-01-29,img/haveyun.ootd_31.jpg
2024-01-29,img/haveyun.ootd_32.jpg
2024-01-27,img/haveyun.ootd_33.jpg
2024-01-25,img/haveyun.ootd_34.jpg
2024-01-24,img/haveyun.ootd_35.jpg
2024-01-20,img/haveyun.ootd_36.jpg
2024-01-17,img/haveyun.ootd_37.jpg
2024-01-17,img/haveyun.ootd_38.jpg
2024-01-12,img/haveyun.ootd_39.jpg
2024-01-08,img/haveyun.ootd_40.jpg
2024-01-07,img/haveyun.ootd_41.jpg
2024-01-04,img/haveyun.ootd_42.jpg
2024-01-02,img/haveyun.ootd_43.jpg
2023-12-30,img/haveyun.ootd_44.jpg
2023-12-28,img/haveyun.ootd_45.jpg
2023-12-27,img/haveyun.ootd_46.jpg
2023-12-25,img/haveyun.ootd_47.jpg
2023-12-22,img/haveyun.ootd_48.jpg
2023-12-19,img/haveyun.ootd_49.jpg
2023-12-18,img/haveyun.ootd_50.jpg
2023-12-16,img/haveyun.ootd_51.jpg
2023-12-12,img/haveyun.ootd_52.jpg
2023-12-11,img/haveyun.ootd_53.jpg
2023-12-07,img/haveyun.ootd_54.jpg
2023-12-07,img/haveyun.ootd_55.jpg
2023-12-06,img/haveyun.ootd_56.jpg
2023-12-05,img/haveyun.ootd_57.jpg
2023-12-04,img/haveyun.ootd_58.jpg
2023-12-01,img/haveyun.ootd_59.jpg
2023-11-30,img/haveyun.ootd_60.jpg
2023-11-28,img/haveyun.ootd_61.jpg
2023-11-22,img/haveyun.ootd_62.jpg
2023-11-22,img/haveyun.ootd_63.jpg
2023-11-21,img/haveyun.ootd_64.jpg
2023-11-20,img/haveyun.ootd_65.jpg
2023-11-19,img/haveyun.ootd_66.jpg
2023-11-18,img/haveyun.ootd_68.jpg
2023-11-17,img/haveyun.ootd_69.jpg
2023-11-16,img/haveyun.ootd_70.jpg
2023-11-15,img/haveyun.ootd_71.jpg
2023-11-14,img/haveyun.ootd_72.jpg
2023-11-11,img/haveyun.ootd_73.jpg
2023-11-10,img/haveyun.ootd_74.jpg
2023-11-09,img/haveyun.ootd_75.jpg
2023-11-08,img/haveyun.ootd_76.jpg
2023-11-07,img/haveyun.ootd_77.jpg
2023-10-28,img/haveyun.ootd_78.jpg
2023-10-27,img/haveyun.ootd_79.jpg
2023-10-26,img/haveyun.ootd_80.jpg
2023-10-25,img/haveyun.ootd_81.jpg
2023-10-24,img/haveyun.ootd_82.jpg
2023-10-22,img/haveyun.ootd_83.jpg
2023-10-22,img/haveyun.ootd_84.jpg
2023-10-21,img/haveyun.ootd_85.jpg
2023-10-20,img/haveyun.ootd_86.jpg
2023-10-19,img/haveyun.ootd_87.jpg
2023-10-18,img/haveyun.ootd_88.jpg
2023-10-17,img/haveyun.ootd_89.jpg
2023-10-16,img/haveyun.ootd_90.jpg
2023-10-14,img/haveyun.ootd_91.jpg
2023-10-13,img/haveyun.ootd_92.jpg
2023-10-12,img/haveyun.ootd_93.jpg
2023-10-11,img/haveyun.ootd_94.jpg
2023-10-10,img/haveyun.ootd_95.jpg
2023-10-06,img/haveyun.ootd_96.jpg
2023-10-05,img/haveyun.ootd_97.jpg
2023-10-04,img/haveyun.ootd_98.jpg
2023-10-03,img/haveyun.ootd_99.jpg
2023-10-02,img/haveyun.ootd_100.jpg
2023-09-30,img/haveyun.ootd_101.jpg
2023-09-28,img/haveyun.ootd_102.jpg
2023-09-26,img/haveyun.ootd_103.jpg
2023-09-25,img/haveyun.ootd_104.jpg
2023-09-23,img/haveyun.ootd_105.jpg
2023-09-22,img/haveyun.ootd_106.jpg
2023-09-21,img/haveyun.ootd_107.jpg
2023-09-20,img/haveyun.ootd_108.jpg
2023-09-19,img/haveyun.ootd_109.jpg
2023-09-17,img/haveyun.ootd_110.jpg
2023-09-16,img/haveyun.ootd_111.jpg
2023-09-15,img/haveyun.ootd_112.jpg
2023-09-14,img/haveyun.ootd_113.jpg
2023-09-13,img/haveyun.ootd_114.jpg
2023-09-12,img/haveyun.ootd_115.jpg
2023-09-11,img/haveyun.ootd_116.jpg
2023-09-10,img/haveyun.ootd_117.jpg
2023-09-07,img/haveyun.ootd_118.jpg
2023-09-06,img/haveyun.ootd_119.jpg
2023-09-05,img/haveyun.ootd_120.jpg
2023-09-04,img/haveyun.ootd_121.jpg
2023-09-01,img/haveyun.ootd_122.jpg
2023-08-30,img/haveyun.ootd_123.jpg
2023-08-28,img/haveyun.ootd_124.jpg
2023-08-25,img/haveyun.ootd_125.jpg
2023-08-24,img/haveyun.ootd_126.jpg
2023-08-18,img/haveyun.ootd_127.jpg
2023-08-17,img/haveyun.ootd_128.jpg
2023-08-09,img/haveyun.ootd_129.jpg
2023-08-08,img/haveyun.ootd_130.jpg
2023-07-28,img/haveyun.ootd_131.jpg
2023-07-27,img/haveyun.ootd_132.jpg
2023-07-27,img/haveyun.ootd_133.jpg
2023-07-21,img/haveyun.ootd_134.jpg
2023-07-20,img/haveyun.ootd_135.jpg
2023-07-18,img/haveyun.ootd_136.jpg
2023-07-18,img/haveyun.ootd_137.jpg
2023-07-16,img/haveyun.ootd_138.jpg
2023-07-12,img/haveyun.ootd_139.jpg
2023-07-11,img/haveyun.ootd_140.jpg
2023-07-03,img/haveyun.ootd_141.jpg
2023-06-25,img/haveyun.ootd_142.jpg
2023-06-25,img/haveyun.ootd_143.jpg
2023-06-15,img/haveyun.ootd_144.jpg
2023-06-12,img/haveyun.ootd_145.jpg
2023-06-03,img/haveyun.ootd_146.jpg
2023-06-01,img/haveyun.ootd_147.jpg
2023-05-19,img/haveyun.ootd_148.jpg
2023-05-12,img/haveyun.ootd_149.jpg
2023-05-10,img/haveyun.ootd_150.jpg
2023-05-03,img/haveyun.ootd_151.jpg
2023-05-01,img/haveyun.ootd_152.jpg
2023-04-02,img/haveyun.ootd_153.jpg
2023-03-26,img/haveyun.ootd_154.jpg
2023-03-23,img/haveyun.ootd_155.jpg
2023-03-22,img/haveyun.ootd_156.jpg
2023-03-21,img/haveyun.ootd_157.jpg
2023-03-19,img/haveyun.ootd_158.jpg
2023-03-14,img/haveyun.ootd_159.jpg
2023-03-06,img/haveyun.ootd_160.jpg
2023-03-03,img/haveyun.ootd_161.jpg
2023-03-02,img/haveyun.ootd_162.jpg
2023-02-27,img/haveyun.ootd_163.jpg
2023-02-27,img/haveyun.ootd_164.jpg
2023-02-21,img/haveyun.ootd_165.jpg
2023-02-15,img/haveyun.ootd_166.jpg
2023-02-14,img/haveyun.ootd_167.jpg
2023-02-13,img/haveyun.ootd_168.jpg
2023-02-07,img/haveyun.ootd_169.jpg
2023-02-06,img/haveyun.ootd_170.jpg
2023-01-29,img/haveyun.ootd_171.jpg
2023-01-28,img/haveyun.ootd_172.jpg
2023-01-19,img/haveyun.ootd_173.jpg
2023-01-18,img/haveyun.ootd_174.jpg
2023-01-17,img/haveyun.ootd_175.jpg
2023-01-15,img/haveyun.ootd_176.jpg
2023-01-11,img/haveyun.ootd_177.jpg
2023-01-11,img/haveyun.ootd_178.jpg
2023-01-05,img/haveyun.ootd_179.jpg
2023-01-03,img/haveyun.ootd_180.jpg
2022-12-27,img/haveyun.ootd_181.jpg
2022-12-21,img/haveyun.ootd_182.jpg
2022-12-20,img/haveyun.ootd_183.jpg
2022-12-15,img/haveyun.ootd_184.jpg
2022-12-14,img/haveyun.ootd_185.jpg
2022-12-13,img/haveyun.ootd_186.jpg
2022-12-11,img/haveyun.ootd_187.jpg
2022-12-09,img/haveyun.ootd_188.jpg
2022-12-08,img/haveyun.ootd_189.jpg
2022-12-07,img/haveyun.ootd_190.jpg
2022-12-05,img/haveyun.ootd_191.jpg
2022-12-02,img/haveyun.ootd_192.jpg
2022-11-30,img/haveyun.ootd_193.jpg
2022-11-27,img/haveyun.ootd_194.jpg
2022-11-22,img/haveyun.ootd_195.jpg
2022-11-17,img/haveyun.ootd_196.jpg
2022-11-16,img/haveyun.ootd_197.jpg
2022-11-14,img/haveyun.ootd_198.jpg
2022-11-14,img/haveyun.ootd_199.jpg
2022-11-09,img/haveyun.ootd_200.jpg
2022-11-08,img/haveyun.ootd_201.jpg
2022-11-01,img/haveyun.ootd_202.jpg
2022-10-31,img/haveyun.ootd_203.jpg
2022-10-26,img/haveyun.ootd_204.jpg
2022-10-18,img/haveyun.ootd_205.jpg
2022-10-13,img/haveyun.ootd_206.jpg
2022-10-10,img/haveyun.ootd_207.jpg
2022-10-06,img/haveyun.ootd_208.jpg
2022-10-04,img/haveyun.ootd_209.jpg
2022-09-29,img/haveyun.ootd_210.jpg
2022-09-28,img/haveyun.ootd_211.jpg
2022-09-27,img/haveyun.ootd_212.jpg
2022-09-25,img/haveyun.ootd_213.jpg
2022-09-15,img/haveyun.ootd_214.jpg
2022-09-14,img/haveyun.ootd_215.jpg
2022-09-13,img/haveyun.ootd_216.jpg
2022-09-07,img/haveyun.ootd_217.jpg
2022-09-06,img/haveyun.ootd_218.jpg
2024-03-24,img/ouneul_look_0.jpg
2024-03-23,img/ouneul_look_2.jpg
2024-03-21,img/ouneul_look_3.jpg
2024-03-20,img/ouneul_look_4.jpg
2024-03-19,img/ouneul_look_5.jpg
2024-03-18,img/ouneul_look_6.jpg
2024-03-17,img/ouneul_look_7.jpg
2024-03-17,img/ouneul_look_8.jpg
2024-03-14,img/ouneul_look_9.jpg
2024-03-13,img/ouneul_look_10.jpg
2024-03-12,img/ouneul_look_11.jpg
2024-03-11,img/ouneul_look_12.jpg
2024-03-10,img/ouneul_look_13.jpg
2024-03-10,img/ouneul_look_14.jpg
2024-03-09,img/ouneul_look_15.jpg
2024-03-07,img/ouneul_look_16.jpg
2024-03-06,img/ouneul_look_17.jpg
2024-03-05,img/ouneul_look_18.jpg
2024-03-04,img/ouneul_look_19.jpg
2024-03-03,img/ouneul_look_20.jpg
2024-03-01,img/ouneul_look_21.jpg
2024-02-29,img/ouneul_look_22.jpg
2024-02-26,img/ouneul_look_23.jpg
2024-02-25,img/ouneul_look_24.jpg
2024-02-24,img/ouneul_look_25.jpg
2024-02-22,img/ouneul_look_26.jpg
2024-02-21,img/ouneul_look_27.jpg
2024-02-19,img/ouneul_look_28.jpg
2024-02-18,img/ouneul_look_29.jpg
2024-02-16,img/ouneul_look_30.jpg
2024-02-14,img/ouneul_look_31.jpg
2024-02-12,img/ouneul_look_32.jpg
2024-02-10,img/ouneul_look_33.jpg
2024-02-06,img/ouneul_look_34.jpg
2024-02-05,img/ouneul_look_35.jpg
2024-02-04,img/ouneul_look_36.jpg
2024-02-03,img/ouneul_look_37.jpg
2024-01-31,img/ouneul_look_38.jpg
2024-01-28,img/ouneul_look_39.jpg
2024-01-27,img/ouneul_look_40.jpg
2024-01-23,img/ouneul_look_41.jpg
2024-01-22,img/ouneul_look_42.jpg
2024-01-21,img/ouneul_look_43.jpg
2024-01-18,img/ouneul_look_44.jpg
2024-01-16,img/ouneul_look_45.jpg
2024-01-15,img/ouneul_look_46.jpg
2024-01-14,img/ouneul_look_47.jpg
2024-01-11,img/ouneul_look_48.jpg
2024-01-09,img/ouneul_look_49.jpg
2024-01-07,img/ouneul_look_50.jpg
2024-01-05,img/ouneul_look_51.jpg
2024-01-04,img/ouneul_look_52.jpg
2024-01-01,img/ouneul_look_53.jpg
2023-12-31,img/ouneul_look_54.jpg
2023-12-28,img/ouneul_look_55.jpg
2023-12-27,img/ouneul_look_56.jpg
2023-12-26,img/ouneul_look_57.jpg
2023-12-25,img/ouneul_look_58.jpg
2023-12-24,img/ouneul_look_59.jpg
2023-12-23,img/ouneul_look_60.jpg
2023-12-22,img/ouneul_look_61.jpg
2023-12-21,img/ouneul_look_62.jpg
2023-12-19,img/ouneul_look_63.jpg
2023-12-18,img/ouneul_look_64.jpg
2023-12-18,img/ouneul_look_65.jpg
2023-12-16,img/ouneul_look_66.jpg
2023-12-13,img/ouneul_look_67.jpg
2023-12-12,img/ouneul_look_68.jpg
2023-12-11,img/ouneul_look_69.jpg
2023-12-10,img/ouneul_look_70.jpg
2023-12-10,img/ouneul_look_71.jpg
2023-12-09,img/ouneul_look_72.jpg
2023-12-07,img/ouneul_look_73.jpg
2023-12-07,img/ouneul_look_74.jpg
2023-12-05,img/ouneul_look_75.jpg
2023-12-04,img/ouneul_look_76.jpg
2023-12-03,img/ouneul_look_77.jpg
2023-12-03,img/ouneul_look_78.jpg
2023-12-02,img/ouneul_look_79.jpg
2023-11-30,img/ouneul_look_80.jpg
2023-11-28,img/ouneul_look_81.jpg
2023-11-26,img/ouneul_look_82.jpg
2023-11-26,img/ouneul_look_83.jpg
2023-11-25,img/ouneul_look_84.jpg
2023-11-21,img/ouneul_look_85.jpg
2023-11-20,img/ouneul_look_86.jpg
2023-11-18,img/ouneul_look_87.jpg
2023-11-17,img/ouneul_look_88.jpg
2023-11-16,img/ouneul_look_89.jpg
2023-11-15,img/ouneul_look_90.jpg
2023-11-14,img/ouneul_look_91.jpg
2023-11-13,img/ouneul_look_92.jpg
2023-11-12,img/ouneul_look_93.jpg
2023-11-12,img/ouneul_look_94.jpg
2023-11-11,img/ouneul_look_95.jpg
2023-11-09,img/ouneul_look_96.jpg
2023-11-08,img/ouneul_look_97.jpg
2023-11-07,img/ouneul_look_98.jpg
2023-11-06,img/ouneul_look_99.jpg
2023-11-05,img/ouneul_look_100.jpg
2023-11-04,img/ouneul_look_101.jpg
2023-11-04,img/ouneul_look_102.jpg
2023-11-02,img/ouneul_look_103.jpg
2023-11-01,img/ouneul_look_104.jpg
2023-10-31,img/ouneul_look_105.jpg
2023-10-30,img/ouneul_look_106.jpg
2023-10-29,img/ouneul_look_107.jpg
2023-10-28,img/ouneul_look_108.jpg
2023-10-26,img/ouneul_look_109.jpg
2023-10-26,img/ouneul_look_110.jpg
2023-10-25,img/ouneul_look_111.jpg
2023-10-24,img/ouneul_look_112.jpg
2023-10-22,img/ouneul_look_113.jpg
2023-10-21,img/ouneul_look_114.jpg
2023-10-21,img/ouneul_look_115.jpg
2023-10-19,img/ouneul_look_116.jpg
2023-10-18,img/ouneul_look_117.jpg
2023-10-17,img/ouneul_look_118.jpg
2023-10-16,img/ouneul_look_119.jpg
2023-10-15,img/ouneul_look_120.jpg
2023-10-15,img/ouneul_look_121.jpg
2023-10-12,img/ouneul_look_122.jpg
2023-10-11,img/ouneul_look_123.jpg
2023-10-10,img/ouneul_look_124.jpg
2023-10-09,img/ouneul_look_125.jpg
2023-10-09,img/ouneul_look_126.jpg
2023-10-08,img/ouneul_look_127.jpg
2023-10-07,img/ouneul_look_128.jpg
2023-10-05,img/ouneul_look_129.jpg
2023-10-04,img/ouneul_look_130.jpg
2023-10-03,img/ouneul_look_131.jpg
2023-10-02,img/ouneul_look_132.jpg
2023-09-30,img/ouneul_look_133.jpg
2023-09-30,img/ouneul_look_134.jpg
2023-09-29,img/ouneul_look_135.jpg
2023-09-27,img/ouneul_look_136.jpg
2023-09-26,img/ouneul_look_137.jpg
2023-09-25,img/ouneul_look_138.jpg
2023-09-24,img/ouneul_look_139.jpg
2023-09-24,img/ouneul_look_140.jpg
2023-09-23,img/ouneul_look_141.jpg
2023-09-21,img/ouneul_look_142.jpg
2023-09-19,img/ouneul_look_143.jpg
2023-09-19,img/ouneul_look_144.jpg
2023-09-17,img/ouneul_look_145.jpg
2023-09-17,img/ouneul_look_146.jpg
2023-09-14,img/ouneul_look_147.jpg
2023-09-13,img/ouneul_look_148.jpg
2023-09-12,img/ouneul_look_149.jpg
2023-09-12,img/ouneul_look_150.jpg
2023-09-11,img/ouneul_look_151.jpg
2023-09-10,img/ouneul_look_152.jpg
2023-09-09,img/ouneul_look_153.jpg
2023-09-07,img/ouneul_look_154.jpg
2023-09-06,img/ouneul_look_155.jpg
2023-09-04,img/ouneul_look_156.jpg
2023-09-03,img/ouneul_look_157.jpg
2023-09-02,img/ouneul_look_158.jpg
2023-09-01,img/ouneul_look_159.jpg
2023-09-01,img/ouneul_look_160.jpg
2023-08-30,img/ouneul_look_161.jpg
2023-08-29,img/ouneul_look_162.jpg
2023-08-28,img/ouneul_look_163.jpg
2023-08-27,img/ouneul_look_164.jpg
2023-08-26,img/ouneul_look_165.jpg
2023-08-26,img/ouneul_look_166.jpg
2023-08-24,img/ouneul_look_167.jpg
2023-08-22,img/ouneul_look_168.jpg
2023-08-21,img/ouneul_look_169.jpg
2023-08-20,img/ouneul_look_170.jpg
2023-08-17,img/ouneul_look_171.jpg
2023-08-08,img/ouneul_look_172.jpg
2023-08-06,img/ouneul_look_173.jpg
2023-08-03,img/ouneul_look_174.jpg
2023-08-02,img/ouneul_look_175.jpg
2023-08-01,img/ouneul_look_176.jpg
2023-07-31,img/ouneul_look_177.jpg
2023-07-28,img/ouneul_look_178.jpg
2023-07-27,img/ouneul_look_179.jpg
2023-07-26,img/ouneul_look_180.jpg
2023-07-25,img/ouneul_look_181.jpg
2023-07-24,img/ouneul_look_182.jpg
2023-07-23,img/ouneul_look_183.jpg
2023-07-21,img/ouneul_look_184.jpg
2023-07-20,img/ouneul_look_185.jpg
2023-07-18,img/ouneul_look_186.jpg
2023-07-17,img/ouneul_look_187.jpg
2023-07-16,img/ouneul_look_188.jpg
2023-07-16,img/ouneul_look_189.jpg
2023-07-13,img/ouneul_look_190.jpg
2023-07-12,img/ouneul_look_191.jpg
2023-07-11,img/ouneul_look_192.jpg
2023-07-10,img/ouneul_look_193.jpg
2023-07-09,img/ouneul_look_194.jpg
2023-07-07,img/ouneul_look_195.jpg
2023-07-06,img/ouneul_look_196.jpg
2023-07-05,img/ouneul_look_197.jpg
2023-07-04,img/ouneul_look_198.jpg
2023-07-04,img/ouneul_look_199.jpg
2023-07-02,img/ouneul_look_200.jpg
2023-07-02,img/ouneul_look_201.jpg
2023-07-01,img/ouneul_look_202.jpg
2023-06-28,img/ouneul_look_203.jpg
2023-06-27,img/ouneul_look_204.jpg
2023-06-26,img/ouneul_look_205.jpg
2023-06-25,img/ouneul_look_206.jpg
2023-06-25,img/ouneul_look_207.jpg
2023-06-23,img/ouneul_look_208.jpg
2023-06-22,img/ouneul_look_209.jpg
2023-06-21,img/ouneul_look_210.jpg
2023-06-20,img/ouneul_look_211.jpg
2023-06-19,img/ouneul_look_212.jpg
2023-06-18,img/ouneul_look_213.jpg
2023-06-16,img/ouneul_look_214.jpg
2023-06-15,img/ouneul_look_215.jpg
2023-06-13,img/ouneul_look_216.jpg
2023-06-12,img/ouneul_look_217.jpg
2023-06-10,img/ouneul_look_218.jpg
2023-06-08,img/ouneul_look_219.jpg
2023-06-07,img/ouneul_look_220.jpg
2023-06-06,img/ouneul_look_221.jpg
2023-06-05,img/ouneul_look_222.jpg
2023-06-04,img/ouneul_look_223.jpg
2023-06-03,img/ouneul_look_224.jpg
2023-06-01,img/ouneul_look_225.jpg
2023-05-31,img/ouneul_look_226.jpg
2023-05-30,img/ouneul_look_227.jpg
2023-05-29,img/ouneul_look_228.jpg
2023-05-28,img/ouneul_look_229.jpg
2023-05-26,img/ouneul_look_230.jpg
2023-05-25,img/ouneul_look_231.jpg
2023-05-24,img/ouneul_look_232.jpg
2023-05-23,img/ouneul_look_233.jpg
2023-05-22,img/ouneul_look_234.jpg
2023-05-22,img/ouneul_look_235.jpg
2023-05-21,img/ouneul_look_236.jpg
2023-05-20,img/ouneul_look_237.jpg
2023-05-18,img/ouneul_look_238.jpg
2023-05-17,img/ouneul_look_239.jpg
2023-05-16,img/ouneul_look_240.jpg
2023-05-16,img/ouneul_look_241.jpg
2023-05-14,img/ouneul_look_242.jpg
2023-05-12,img/ouneul_look_243.jpg
2023-05-11,img/ouneul_look_244.jpg
2023-05-10,img/ouneul_look_245.jpg
2023-05-09,img/ouneul_look_246.jpg
2023-05-08,img/ouneul_look_247.jpg
2023-05-07,img/ouneul_look_248.jpg
2023-05-06,img/ouneul_look_249.jpg
2023-05-05,img/ouneul_look_250.jpg
2023-05-03,img/ouneul_look_251.jpg
2023-05-02,img/ouneul_look_252.jpg
2023-05-01,img/ouneul_look_253.jpg
2023-05-01,img/ouneul_look_254.jpg
2023-04-28,img/ouneul_look_255.jpg
2023-04-27,img/ouneul_look_256.jpg
2023-04-26,img/ouneul_look_257.jpg
2023-04-24,img/ouneul_look_258.jpg
2023-04-23,img/ouneul_look_259.jpg
2023-04-22,img/ouneul_look_260.jpg
2023-04-20,img/ouneul_look_261.jpg
2023-04-18,img/ouneul_look_262.jpg
2023-04-17,img/ouneul_look_263.jpg
2023-04-16,img/ouneul_look_264.jpg
2023-04-15,img/ouneul_look_265.jpg
2023-04-13,img/ouneul_look_266.jpg
2023-04-12,img/ouneul_look_267.jpg
2023-04-11,img/ouneul_look_268.jpg
2023-04-10,img/ouneul_look_269.jpg
2023-04-09,img/ouneul_look_270.jpg
2023-04-09,img/ouneul_look_271.jpg
2023-04-08,img/ouneul_look_272.jpg
2023-04-06,img/ouneul_look_273.jpg
2023-04-05,img/ouneul_look_274.jpg
2023-04-04,img/ouneul_look_275.jpg
2023-04-03,img/ouneul_look_276.jpg
2023-04-02,img/ouneul_look_277.jpg
2023-03-31,img/ouneul_look_278.jpg
2023-03-30,img/ouneul_look_279.jpg
2023-03-29,img/ouneul_look_280.jpg
2023-03-28,img/ouneul_look_281.jpg
2023-03-27,img/ouneul_look_282.jpg
2023-03-26,img/ouneul_look_283.jpg
2023-03-26,img/ouneul_look_284.jpg
2023-03-25,img/ouneul_look_285.jpg
2023-03-23,img/ouneul_look_286.jpg
2023-03-22,img/ouneul_look_287.jpg
2023-03-21,img/ouneul_look_288.jpg
2023-03-20,img/ouneul_look_289.jpg
2023-03-19,img/ouneul_look_290.jpg
2023-03-19,img/ouneul_look_291.jpg
2023-03-17,img/ouneul_look_292.jpg
2023-03-16,img/ouneul_look_293.jpg
2023-03-15,img/ouneul_look_294.jpg
2023-03-14,img/ouneul_look_295.jpg
2023-03-13,img/ouneul_look_296.jpg
2023-03-11,img/ouneul_look_297.jpg
2023-03-09,img/ouneul_look_298.jpg
2023-03-08,img/ouneul_look_299.jpg
2023-03-07,img/ouneul_look_300.jpg
2023-03-06,img/ouneul_look_301.jpg
2023-03-05,img/ouneul_look_302.jpg
2023-03-05,img/ouneul_look_303.jpg
2023-03-02,img/ouneul_look_304.jpg
2023-03-01,img/ouneul_look_305.jpg
2023-03-01,img/ouneul_look_306.jpg
2023-02-27,img/ouneul_look_307.jpg
2023-02-26,img/ouneul_look_308.jpg
2023-02-23,img/ouneul_look_309.jpg
2023-02-22,img/ouneul_look_310.jpg
2023-02-21,img/ouneul_look_311.jpg
2023-02-20,img/ouneul_look_312.jpg
2023-02-19,img/ouneul_look_313.jpg
2023-02-18,img/ouneul_look_314.jpg
2023-02-14,img/ouneul_look_315.jpg
2023-02-12,img/ouneul_look_316.jpg
2023-02-12,img/ouneul_look_317.jpg
2023-02-09,img/ouneul_look_318.jpg
2023-02-06,img/ouneul_look_319.jpg
2023-02-05,img/ouneul_look_320.jpg
2023-02-05,img/ouneul_look_321.jpg
2023-02-02,img/ouneul_look_322.jpg
2023-02-01,img/ouneul_look_323.jpg
2023-01-30,img/ouneul_look_324.jpg
2023-01-29,img/ouneul_look_325.jpg
2023-01-28,img/ouneul_look_326.jpg
2023-01-26,img/ouneul_look_327.jpg
2023-01-25,img/ouneul_look_328.jpg
2023-01-24,img/ouneul_look_329.jpg
2023-01-24,img/ouneul_look_330.jpg
2023-01-22,img/ouneul_look_331.jpg
2023-01-19,img/ouneul_look_332.jpg
2023-01-18,img/ouneul_look_333.jpg
2023-01-17,img/ouneul_look_334.jpg
2023-01-13,img/ouneul_look_335.jpg
2023-01-11,img/ouneul_look_336.jpg
2023-01-10,img/ouneul_look_337.jpg
2023-01-09,img/ouneul_look_338.jpg
2023-01-08,img/ouneul_look_339.jpg
2023-01-08,img/ouneul_look_340.jpg
2023-01-06,img/ouneul_look_341.jpg
2023-01-05,img/ouneul_look_342.jpg
2023-01-04,img/ouneul_look_343.jpg
2023-01-03,img/ouneul_look_344.jpg
2023-01-02,img/ouneul_look_345.jpg
2023-01-01,img/ouneul_look_346.jpg
2023-01-01,img/ouneul_look_347.jpg
2022-12-31,img/ouneul_look_348.jpg
2022-12-29,img/ouneul_look_349.jpg
2022-12-28,img/ouneul_look_350.jpg
2022-12-27,img/ouneul_look_351.jpg
2022-12-26,img/ouneul_look_352.jpg
2022-12-23,img/ouneul_look_353.jpg
2022-12-23,img/ouneul_look_354.jpg
2022-12-21,img/ouneul_look_355.jpg
2022-12-20,img/ouneul_look_356.jpg
2022-12-19,img/ouneul_look_357.jpg
2022-12-18,img/ouneul_look_358.jpg
2022-12-18,img/ouneul_look_359.jpg
2022-12-17,img/ouneul_look_360.jpg
2022-12-15,img/ouneul_look_361.jpg
2022-12-14,img/ouneul_look_362.jpg
2022-12-13,img/ouneul_look_363.jpg
2022-12-12,img/ouneul_look_364.jpg
2022-12-11,img/ouneul_look_365.jpg
2022-12-11,img/ouneul_look_367.jpg
2022-12-09,img/ouneul_look_368.jpg
2022-12-08,img/ouneul_look_369.jpg
2022-12-06,img/ouneul_look_370.jpg
2022-12-05,img/ouneul_look_371.jpg
2022-12-05,img/ouneul_look_372.jpg
2022-12-04,img/ouneul_look_373.jpg
2022-12-01,img/ouneul_look_374.jpg
2022-12-01,img/ouneul_look_375.jpg
2022-11-29,img/ouneul_look_376.jpg
2022-11-28,img/ouneul_look_377.jpg
2022-11-27,img/ouneul_look_378.jpg
2022-11-27,img/ouneul_look_379.jpg
2022-11-26,img/ouneul_look_380.jpg
2022-11-24,img/ouneul_look_381.jpg
2022-11-24,img/ouneul_look_382.jpg
2022-11-22,img/ouneul_look_383.jpg
2022-11-20,img/ouneul_look_384.jpg
2022-11-20,img/ouneul_look_385.jpg
2022-11-19,img/ouneul_look_386.jpg
2022-11-17,img/ouneul_look_387.jpg
2022-11-16,img/ouneul_look_388.jpg
2022-11-15,img/ouneul_look_389.jpg
2022-11-14,img/ouneul_look_390.jpg
2022-11-13,img/ouneul_look_391.jpg
2022-11-13,img/ouneul_look_392.jpg
2022-11-12,img/ouneul_look_393.jpg
2022-11-10,img/ouneul_look_394.jpg
2022-11-09,img/ouneul_look_395.jpg
2022-11-08,img/ouneul_look_396.jpg
2022-11-07,img/ouneul_look_397.jpg
2022-11-06,img/ouneul_look_398.jpg
2022-11-05,img/ouneul_look_399.jpg
2022-11-03,img/ouneul_look_400.jpg
2022-11-01,img/ouneul_look_401.jpg
2022-10-31,img/ouneul_look_402.jpg
2022-10-30,img/ouneul_look_403.jpg
2022-10-29,img/ouneul_look_405.jpg
2022-10-27,img/ouneul_look_406.jpg
2022-10-26,img/ouneul_look_407.jpg
2022-10-25,img/ouneul_look_408.jpg
2022-10-24,img/ouneul_look_409.jpg
2022-10-24,img/ouneul_look_410.jpg
2022-10-19,img/ouneul_look_411.jpg
2022-10-18,img/ouneul_look_412.jpg
2022-10-17,img/ouneul_look_413.jpg
2022-10-16,img/ouneul_look_414.jpg
2022-10-15,img/ouneul_look_415.jpg
2022-10-13,img/ouneul_look_416.jpg
2022-10-12,img/ouneul_look_417.jpg
2022-10-11,img/ouneul_look_418.jpg
2022-10-10,img/ouneul_look_419.jpg
2022-10-10,img/ouneul_look_420.jpg
2022-10-09,img/ouneul_look_421.jpg
2022-10-06,img/ouneul_look_423.jpg
2022-10-04,img/ouneul_look_424.jpg
2022-10-03,img/ouneul_look_425.jpg
2022-10-02,img/ouneul_look_426.jpg
2022-10-01,img/ouneul_look_428.jpg
2022-09-29,img/ouneul_look_429.jpg
2022-09-28,img/ouneul_look_430.jpg
2022-09-27,img/ouneul_look_431.jpg
2022-09-26,img/ouneul_look_432.jpg
2022-09-25,img/ouneul_look_433.jpg
2022-09-25,img/ouneul_look_434.jpg
2022-09-23,img/ouneul_look_435.jpg
2022-09-22,img/ouneul_look_436.jpg
2022-09-21,img/ouneul_look_437.jpg
2022-09-20,img/ouneul_look_438.jpg
2022-09-19,img/ouneul_look_439.jpg
2022-09-18,img/ouneul_look_440.jpg
2022-09-18,img/ouneul_look_441.jpg
2022-09-16,img/ouneul_look_442.jpg
2022-09-15,img/ouneul_look_443.jpg
2022-09-14,img/ouneul_look_444.jpg
2022-09-13,img/ouneul_look_445.jpg
2022-09-12,img/ouneul_look_446.jpg
2022-09-12,img/ouneul_look_447.jpg
2022-09-11,img/ouneul_look_448.jpg
2022-09-10,img/ouneul_look_449.jpg
2022-09-08,img/ouneul_look_450.jpg
2022-09-07,img/ouneul_look_451.jpg
2022-09-06,img/ouneul_look_452.jpg
2022-09-05,img/ouneul_look_453.jpg
2022-09-04,img/ouneul_look_454.jpg
2022-09-04,img/ouneul_look_455.jpg
2022-09-01,img/ouneul_look_457.jpg
2022-08-31,img/ouneul_look_458.jpg
2022-08-30,img/ouneul_look_459.jpg
2022-08-29,img/ouneul_look_460.jpg
2022-08-28,img/ouneul_look_461.jpg
2022-08-28,img/ouneul_look_462.jpg
2022-08-25,img/ouneul_look_463.jpg
2022-08-24,img/ouneul_look_464.jpg
2022-08-21,img/ouneul_look_465.jpg
2022-08-20,img/ouneul_look_466.jpg
2022-08-18,img/ouneul_look_467.jpg
2022-08-17,img/ouneul_look_468.jpg
2022-08-16,img/ouneul_look_469.jpg
2022-08-10,img/ouneul_look_471.jpg
2022-08-09,img/ouneul_look_472.jpg
2022-08-08,img/ouneul_look_473.jpg
2022-08-07,img/ouneul_look_474.jpg
2022-08-04,img/ouneul_look_475.jpg
2022-08-03,img/ouneul_look_476.jpg
2022-08-02,img/ouneul_look_477.jpg
2022-08-01,img/ouneul_look_478.jpg
2022-07-31,img/ouneul_look_479.jpg
2022-07-28,img/ouneul_look_481.jpg
2022-07-23,img/ouneul_look_482.jpg
2022-07-22,img/ouneul_look_483.jpg
2022-07-20,img/ouneul_look_484.jpg
2022-07-17,img/ouneul_look_485.jpg
2022-07-16,img/ouneul_look_486.jpg
2022-07-13,img/ouneul_look_487.jpg
2022-07-12,img/ouneul_look_488.jpg
2022-07-07,img/ouneul_look_490.jpg
2022-07-04,img/ouneul_look_491.jpg
2022-06-30,img/ouneul_look_492.jpg
2022-06-29,img/ouneul_look_493.jpg
2022-06-28,img/ouneul_look_494.jpg
2022-06-27,img/ouneul_look_495.jpg
2022-06-27,img/ouneul_look_496.jpg
2022-06-25,img/ouneul_look_497.jpg
2022-06-22,img/ouneul_look_499.jpg
2022-06-21,img/ouneul_look_500.jpg
2022-06-20,img/ouneul_look_501.jpg
2022-06-19,img/ouneul_look_502.jpg
2022-06-14,img/ouneul_look_503.jpg
2022-06-12,img/ouneul_look_504.jpg
2022-06-09,img/ouneul_look_505.jpg
2022-06-08,img/ouneul_look_506.jpg
2022-06-06,img/ouneul_look_507.jpg
2022-05-23,img/ouneul_look_509.jpg
2022-05-18,img/ouneul_look_511.jpg
2022-05-16,img/ouneul_look_512.jpg
2022-05-14,img/ouneul_look_513.jpg
2022-05-12,img/ouneul_look_514.jpg
2022-05-11,img/ouneul_look_515.jpg
2022-05-01,img/ouneul_look_517.jpg
2022-04-28,img/ouneul_look_518.jpg
2022-04-26,img/ouneul_look_519.jpg
2022-04-19,img/ouneul_look_520.jpg
2022-04-10,img/ouneul_look_521.jpg
2022-04-02,img/ouneul_look_522.jpg
2022-03-31,img/ouneul_look_523.jpg
2022-03-30,img/ouneul_look_524.jpg
2022-03-20,img/ouneul_look_525.jpg
2022-03-17,img/ouneul_look_526.jpg
2022-03-15,img/ouneul_look_527.jpg
2022-03-07,img/ouneul_look_528.jpg
2022-03-04,img/ouneul_look_529.jpg
2022-03-03,img/ouneul_look_530.jpg
2022-02-27,img/ouneul_look_531.jpg
2022-02-19,img/ouneul_look_532.jpg
2022-02-15,img/ouneul_look_533.jpg
2022-02-10,img/ouneul_look_534.jpg
2022-02-07,img/ouneul_look_535.jpg
2022-02-06,img/ouneul_look_536.jpg
2022-02-03,img/ouneul_look_537.jpg
2022-02-02,img/ouneul_look_538.jpg
2022-01-26,img/ouneul_look_539.jpg
2022-01-16,img/ouneul_look_540.jpg
2022-01-13,img/ouneul_look_541.jpg
2022-01-11,img/ouneul_look_542.jpg
2022-01-09,img/ouneul_look_543.jpg
2021-12-27,img/ouneul_look_544.jpg
2021-12-24,img/ouneul_look_545.jpg
2021-12-22,img/ouneul_look_546.jpg
2021-12-21,img/ouneul_look_547.jpg
2021-12-20,img/ouneul_look_548.jpg
2021-12-19,img/ouneul_look_549.jpg
2021-12-16,img/ouneul_look_550.jpg
2021-12-16,img/ouneul_look_551.jpg
